category,quantidade,preco_medio
electronics,6,332.49833333333333
jewelery,4,220.995
men's clothing,4,51.057500000000005
women's clothing,6,26.286666666666665
